pollster,sponsors,display_name,numeric_grade,pollscore,methodology,transparency_score,state,start_date,end_date,office_type,stage,party,candidate_name,pct,sample_size,num_trump
Marist,NPR | PBS NewsHour,Marist College,2.9,-0.9,Live Phone/Online Panel/Text-to-Web,7,National,5/21/24,2024-05-23,U.S. President,primary,REP,Donald Trump,85,464,394
YouGov Blue,The Liberal Patriot | Blueprint,YouGov Blue,3,-1.1,Online Panel,9,National,3/29/24,2024-04-05,U.S. President,primary,REP,Donald Trump,72,1498,1079
Ipsos,Reuters,Ipsos,2.8,-0.9,Probability Panel,9.5,National,3/7/24,2024-03-13,U.S. President,primary,REP,Donald Trump,62,1748,1084
Suffolk,USA Today,Suffolk University,2.9,-1,Live Phone,8,National,3/8/24,2024-03-11,U.S. President,primary,REP,Donald Trump,80.7,342,276
Emerson,WCMH-TV Columbus | The Hill | Nexstar | Fox 8 (WJW) | WKBN-TV | WDTN,Emerson College,2.9,-1.1,IVR/Online Panel/Text-to-Web/Email,7,Ohio,3/7/24,2024-03-10,U.S. President,primary,REP,Donald Trump,82.9,443,367
Emerson,NA,Emerson College,2.9,-1.1,IVR/Online Panel/Email,7,National,3/5/24,2024-03-06,U.S. President,primary,REP,Donald Trump,80.5,578,465
YouGov,Economist,YouGov,3,-1.1,Online Panel,9,National,3/3/24,2024-03-05,U.S. President,primary,REP,Donald Trump,74,638,472
YouGov,Economist,YouGov,3,-1.1,Online Panel,9,National,3/3/24,2024-03-05,U.S. President,primary,REP,Donald Trump,76,601,457
Emerson,The Hill | Nexstar,Emerson College,2.9,-1.1,Online Panel/Email/Text-to-Web,7,Indiana,3/2/24,2024-03-05,U.S. President,primary,REP,Donald Trump,78.3,526,412
Siena/NYT,NA,The New York Times/Siena College,3,-1.5,Live Phone,9,National,2/25/24,2024-02-28,U.S. President,primary,REP,Donald Trump,77,292,225
Siena/NYT,NA,The New York Times/Siena College,3,-1.5,Live Phone,9,National,2/25/24,2024-02-28,U.S. President,primary,REP,Donald Trump,76,292,222
SurveyUSA,KSTP-TV Minneapolis | KAAL-TV | WDIO-TV Duluth,SurveyUSA,2.8,-1.3,Online Panel,8,Minnesota,2/23/24,2024-02-28,U.S. President,caucus,REP,Donald Trump,79,545,431
YouGov,Economist,YouGov,3,-1.1,Online Panel,9,National,2/25/24,2024-02-27,U.S. President,primary,REP,Donald Trump,79,638,504
YouGov,Economist,YouGov,3,-1.1,Online Panel,9,National,2/25/24,2024-02-27,U.S. President,primary,REP,Donald Trump,80,601,481
Emerson,The Hill | Inside California Politics,Emerson College,2.9,-1.1,IVR/Online Panel/Text-to-Web/Email,7,California,2/24/24,2024-02-27,U.S. President,primary,REP,Donald Trump,74.5,342,255
Emerson,The Hill | Nexstar,Emerson College,2.9,-1.1,IVR/Online Panel/Text-to-Web/Email,7,Michigan,2/20/24,2024-02-24,U.S. President,primary,REP,Donald Trump,75.7,486,368
YouGov,Economist,YouGov,3,-1.1,Online Panel,9,National,2/18/24,2024-02-20,U.S. President,primary,REP,Donald Trump,78,612,477
Quinnipiac,NA,Quinnipiac University,2.8,-0.5,Live Phone,9,National,2/15/24,2024-02-19,U.S. President,primary,REP,Donald Trump,80,576,461
Emerson,The Hill | Inside California Politics,Emerson College,2.9,-1.1,IVR/Online Panel/Email,7,California,2/16/24,2024-02-18,U.S. President,primary,REP,Donald Trump,72,315,227
Suffolk,USA Today,Suffolk University,2.9,-1,Live Phone,8,South Carolina,2/15/24,2024-02-18,U.S. President,primary,REP,Donald Trump,63,500,315
Emerson,The Hill | Nexstar,Emerson College,2.9,-1.1,IVR/Online Panel/Text-to-Web/Email,7,South Carolina,2/14/24,2024-02-16,U.S. President,primary,REP,Donald Trump,60.6,728,441
Marquette Law School,NA,Marquette University Law School,3,-1.1,Probability Panel,10,National,2/5/24,2024-02-15,U.S. President,primary,REP,Donald Trump,73,358,261
Marquette Law School,NA,Marquette University Law School,3,-1.1,Probability Panel,10,National,2/5/24,2024-02-15,U.S. President,primary,REP,Donald Trump,74,309,229
Emerson,NA,Emerson College,2.9,-1.1,IVR/Online Panel/Email,7,National,2/13/24,2024-02-14,U.S. President,primary,REP,Donald Trump,76.8,524,402
Echelon Insights,NA,Echelon Insights,2.7,-0.8,Online Panel,9,National,2/12/24,2024-02-14,U.S. President,primary,REP,Donald Trump,79,437,345
Siena,NA,Siena College,2.7,-0.8,Live Phone/Online Panel,7,New York,2/12/24,2024-02-14,U.S. President,primary,REP,Donald Trump,64,177,113
YouGov,Economist,YouGov,3,-1.1,Online Panel,9,National,2/11/24,2024-02-13,U.S. President,primary,REP,Donald Trump,80,609,487
YouGov,University of Texas,YouGov,3,-1.1,Online Panel,9,Texas,2/2/24,2024-02-12,U.S. President,primary,REP,Donald Trump,80,486,389
YouGov,CBS News,YouGov,3,-1.1,Online Panel,9,South Carolina,2/5/24,2024-02-10,U.S. President,primary,REP,Donald Trump,65,1004,653
YouGov,Economist,YouGov,3,-1.1,Online Panel,9,National,2/4/24,2024-02-06,U.S. President,primary,REP,Donald Trump,80,611,489
Suffolk,NA,Suffolk University,2.9,-1,Live Phone,8,Massachusetts,2/2/24,2024-02-05,U.S. President,primary,REP,Donald Trump,55.4,287,159
Marquette Law School,NA,Marquette University Law School,3,-1.1,Live Phone/Email,10,Wisconsin,1/24/24,2024-01-31,U.S. President,primary,REP,Donald Trump,64,408,261
Marquette Law School,NA,Marquette University Law School,3,-1.1,Live Phone/Email,10,Wisconsin,1/24/24,2024-01-31,U.S. President,primary,REP,Donald Trump,67,372,249
CNN/SSRS,NA,CNN/SSRS,2.8,-0.6,Probability Panel,10,National,1/25/24,2024-01-30,U.S. President,primary,REP,Donald Trump,70,442,309
YouGov,NA,YouGov,3,-1.1,Online Panel,9,National,1/24/24,2024-01-30,U.S. President,primary,REP,Donald Trump,77,363,280
Emerson,NA,Emerson College,2.9,-1.1,IVR/Online Panel/Email,7,National,1/26/24,2024-01-29,U.S. President,primary,REP,Donald Trump,73.1,571,417
YouGov,Yahoo News,YouGov,3,-1.1,Online Panel,9,National,1/25/24,2024-01-29,U.S. President,primary,REP,Donald Trump,79,451,356
Quinnipiac,NA,Quinnipiac University,2.8,-0.5,Live Phone,9,National,1/25/24,2024-01-29,U.S. President,primary,REP,Donald Trump,77,696,536
SurveyUSA,KSTP-TV Minneapolis | KAAL-TV | WDIO-TV Duluth,SurveyUSA,2.8,-1.3,Online Panel,8,Minnesota,1/24/24,2024-01-29,U.S. President,caucus,REP,Donald Trump,76,537,408
Ipsos,Reuters,Ipsos,2.8,-0.9,Probability Panel,9.5,National,1/22/24,2024-01-24,U.S. President,primary,REP,Donald Trump,64,554,355
Suffolk,Boston Globe | NBC10 Boston,Suffolk University,2.9,-1,Live Phone,8,New Hampshire,1/21/24,2024-01-22,U.S. President,primary,REP,Donald Trump,59.6,500,298
Suffolk,Boston Globe | NBC10 Boston,Suffolk University,2.9,-1,Live Phone,8,New Hampshire,1/20/24,2024-01-21,U.S. President,primary,REP,Donald Trump,57.4,500,287
Suffolk,Boston Globe | NBC10 Boston,Suffolk University,2.9,-1,Live Phone,8,New Hampshire,1/19/24,2024-01-20,U.S. President,primary,REP,Donald Trump,54.6,500,273
Emerson,7News/WHDH,Emerson College,2.9,-1.1,IVR/Online Panel/Text-to-Web/Email,7,New Hampshire,1/18/24,2024-01-20,U.S. President,primary,REP,Donald Trump,50,673,336
Suffolk,Boston Globe | NBC10 Boston,Suffolk University,2.9,-1,Live Phone,8,New Hampshire,1/18/24,2024-01-19,U.S. President,primary,REP,Donald Trump,52.6,500,263
Suffolk,Boston Globe | NBC10 Boston,Suffolk University,2.9,-1,Live Phone,8,New Hampshire,1/17/24,2024-01-18,U.S. President,primary,REP,Donald Trump,51.8,500,259
Echelon Insights,NA,Echelon Insights,2.7,-0.8,Online Panel,9,National,1/16/24,2024-01-18,U.S. President,primary,REP,Donald Trump,68,832,566
Echelon Insights,NA,Echelon Insights,2.7,-0.8,Online Panel,9,National,1/16/24,2024-01-18,U.S. President,primary,REP,Donald Trump,76,832,632
Echelon Insights,NA,Echelon Insights,2.7,-0.8,Online Panel,9,National,1/16/24,2024-01-18,U.S. President,primary,REP,Donald Trump,77,832,641
Suffolk,Boston Globe | NBC10 Boston,Suffolk University,2.9,-1,Live Phone,8,New Hampshire,1/16/24,2024-01-17,U.S. President,primary,REP,Donald Trump,50.2,500,251
Suffolk,Boston Globe | NBC10 Boston,Suffolk University,2.9,-1,Live Phone,8,New Hampshire,1/15/24,2024-01-16,U.S. President,primary,REP,Donald Trump,50.4,500,252
YouGov,Economist,YouGov,3,-1.1,Online Panel,9,National,1/14/24,2024-01-16,U.S. President,primary,REP,Donald Trump,68,588,400
University of Massachusetts Lowell/YouGov,NA,University of Massachusetts Lowell Center for Public Opinion/YouGov,2.9,-1,Online Panel,9,New Hampshire,1/6/24,2024-01-16,U.S. President,primary,REP,Donald Trump,50,600,300
Emerson,Nexstar,Emerson College,2.9,-1.1,IVR/Online Panel/Email,7,Texas,1/13/24,2024-01-15,U.S. President,primary,REP,Donald Trump,68.6,685,470
Emerson,Inside California Politics,Emerson College,2.9,-1.1,IVR/Online Panel,7,California,1/11/24,2024-01-14,U.S. President,primary,REP,Donald Trump,61.8,377,233
Emerson,NA,Emerson College,2.9,-1.1,IVR/Online Panel/Text-to-Web/Email,7,Iowa,1/11/24,2024-01-13,U.S. President,caucus,REP,Donald Trump,56.5,532,301
YouGov,CBS News,YouGov,3,-1.1,Online Panel,9,National,1/10/24,2024-01-12,U.S. President,primary,REP,Donald Trump,69,721,497
Selzer,Des Moines Register | NBC News | Mediacom,Selzer & Co.,2.8,-1.2,Live Phone,7.5,Iowa,1/7/24,2024-01-12,U.S. President,caucus,REP,Donald Trump,48,705,338
Emerson,7News/WHDH,Emerson College,2.9,-1.1,IVR/Online Panel/Text-to-Web/Email,7,New Hampshire,1/8/24,2024-01-10,U.S. President,primary,REP,Donald Trump,44.1,751,331
Suffolk,NA,Suffolk University,2.9,-1,Live Phone,8,Iowa,1/6/24,2024-01-10,U.S. President,caucus,REP,Donald Trump,54,500,270
YouGov,Economist,YouGov,3,-1.1,Online Panel,9,National,1/7/24,2024-01-09,U.S. President,primary,REP,Donald Trump,65,580,377
YouGov,Economist,YouGov,3,-1.1,Online Panel,9,National,1/7/24,2024-01-09,U.S. President,primary,REP,Donald Trump,65,533,346
YouGov,NA,YouGov,3,-1.1,Online Panel,9,National,1/5/24,2024-01-09,U.S. President,primary,REP,Donald Trump,66,367,242
Ipsos,Reuters,Ipsos,2.8,-0.9,Probability Panel,9.5,National,1/3/24,2024-01-09,U.S. President,primary,REP,Donald Trump,49,1941,951
Emerson,NA,Emerson College,2.9,-1.1,IVR/Online Panel/Text-to-Web/Email,7,Nevada,1/5/24,2024-01-08,U.S. President,caucus,REP,Donald Trump,73,277,202
Quinnipiac,NA,Quinnipiac University,2.8,-0.5,Live Phone,9,Pennsylvania,1/4/24,2024-01-08,U.S. President,primary,REP,Donald Trump,61,651,397
Suffolk,Boston Globe | USA Today,Suffolk University,2.9,-1,Live Phone,8,New Hampshire,1/3/24,2024-01-07,U.S. President,primary,REP,Donald Trump,45.82,491,225
Emerson,NA,Emerson College,2.9,-1.1,IVR/Online Panel/Text-to-Web/Email,7,South Carolina,1/2/24,2024-01-03,U.S. President,primary,REP,Donald Trump,54.4,584,318
YouGov,Economist,YouGov,3,-1.1,Online Panel,9,National,12/31/23,2024-01-02,U.S. President,primary,REP,Donald Trump,63,529,333
Suffolk,USA Today,Suffolk University,2.9,-1,Live Phone,8,National,12/23/23,2023-12-26,U.S. President,primary,REP,Donald Trump,62.15,325,202
YouGov,Economist,YouGov,3,-1.1,Online Panel,9,National,12/16/23,2023-12-18,U.S. President,primary,REP,Donald Trump,60,544,326
YouGov,Yahoo News,YouGov,3,-1.1,Online Panel,9,National,12/14/23,2023-12-18,U.S. President,primary,REP,Donald Trump,56,446,250
YouGov,Yahoo News,YouGov,3,-1.1,Online Panel,9,National,12/14/23,2023-12-18,U.S. President,primary,REP,Donald Trump,70,445,312
YouGov,Yahoo News,YouGov,3,-1.1,Online Panel,9,National,12/14/23,2023-12-18,U.S. President,primary,REP,Donald Trump,59,446,263
Quinnipiac,NA,Quinnipiac University,2.8,-0.5,Live Phone,9,National,12/14/23,2023-12-18,U.S. President,primary,REP,Donald Trump,67,702,470
Beacon/Shaw,Fox Business,Beacon Research/Shaw & Company Research,2.8,-1.1,Live Phone,6,Iowa,12/14/23,2023-12-18,U.S. President,caucus,REP,Donald Trump,52,804,418
University of Massachusetts Lowell/YouGov,NA,University of Massachusetts Lowell Center for Public Opinion/YouGov,2.9,-1,Online Panel,9,New Hampshire,12/7/23,2023-12-18,U.S. President,primary,REP,Donald Trump,52,450,234
Emerson,NA,Emerson College,2.9,-1.1,IVR/Online Panel/Text-to-Web/Email,7,Iowa,12/15/23,2023-12-17,U.S. President,caucus,REP,Donald Trump,49.9,420,210
Echelon Insights,NA,Echelon Insights,2.7,-0.8,Online Panel,9,National,12/12/23,2023-12-16,U.S. President,primary,REP,Donald Trump,70,443,310
Echelon Insights,NA,Echelon Insights,2.7,-0.8,Online Panel,9,National,12/12/23,2023-12-16,U.S. President,primary,REP,Donald Trump,74,443,328
Echelon Insights,NA,Echelon Insights,2.7,-0.8,Online Panel,9,National,12/12/23,2023-12-16,U.S. President,primary,REP,Donald Trump,76,443,337
YouGov,CBS News,YouGov,3,-1.1,Online Panel,9,Iowa,12/8/23,2023-12-15,U.S. President,caucus,REP,Donald Trump,58,478,277
YouGov,CBS News,YouGov,3,-1.1,Online Panel,9,New Hampshire,12/8/23,2023-12-15,U.S. President,primary,REP,Donald Trump,44,459,202
Siena/NYT,NA,The New York Times/Siena College,3,-1.5,Live Phone,9,National,12/10/23,2023-12-14,U.S. President,primary,REP,Donald Trump,64,380,243
Beacon/Shaw,FOX News,Beacon Research/Shaw & Company Research,2.8,-1.1,Live Phone,6,National,12/10/23,2023-12-13,U.S. President,primary,REP,Donald Trump,69,402,277
YouGov,Economist,YouGov,3,-1.1,Online Panel,9,National,12/9/23,2023-12-12,U.S. President,primary,REP,Donald Trump,61,557,340
YouGov,Economist,YouGov,3,-1.1,Online Panel,9,National,12/9/23,2023-12-12,U.S. President,primary,REP,Donald Trump,59,520,307
Ipsos,Reuters,Ipsos,2.8,-0.9,Probability Panel,9.5,National,12/5/23,2023-12-11,U.S. President,primary,REP,Donald Trump,61,1689,1030
YouGov,University of Texas,YouGov,3,-1.1,Online Panel,9,Texas,12/1/23,2023-12-10,U.S. President,primary,REP,Donald Trump,65,552,359
Selzer,Des Moines Register | NBC News | Mediacom,Selzer & Co.,2.8,-1.2,Live Phone,7.5,Iowa,12/2/23,2023-12-07,U.S. President,caucus,REP,Donald Trump,51,502,256
CNN/SSRS,NA,CNN/SSRS,2.8,-0.6,Live Phone/Text-to-Web/Email/Mail-to-Web,10,Georgia,11/30/23,2023-12-07,U.S. President,primary,REP,Donald Trump,55,522,287
CNN/SSRS,NA,CNN/SSRS,2.8,-0.6,Live Phone/Text-to-Web/Email/Mail-to-Web,10,Georgia,11/30/23,2023-12-07,U.S. President,primary,REP,Donald Trump,69,522,360
CNN/SSRS,NA,CNN/SSRS,2.8,-0.6,Live Phone/Text-to-Web/Email/Mail-to-Web,10,Georgia,11/30/23,2023-12-07,U.S. President,primary,REP,Donald Trump,61,522,318
Emerson,NA,Emerson College,2.9,-1.1,IVR/Online Panel/Email,7,National,12/4/23,2023-12-06,U.S. President,primary,REP,Donald Trump,63.8,466,297
Emerson,NA,Emerson College,2.9,-1.1,IVR/Online Panel/Email,7,National,12/4/23,2023-12-06,U.S. President,primary,REP,Donald Trump,76.5,466,356
CNN/SSRS,NA,CNN/SSRS,2.8,-0.6,Live Phone/Text-to-Web/Email/Mail-to-Web,10,Michigan,11/29/23,2023-12-06,U.S. President,primary,REP,Donald Trump,58,618,358
CNN/SSRS,NA,CNN/SSRS,2.8,-0.6,Live Phone/Text-to-Web/Email/Mail-to-Web,10,Michigan,11/29/23,2023-12-06,U.S. President,primary,REP,Donald Trump,72,618,445
CNN/SSRS,NA,CNN/SSRS,2.8,-0.6,Live Phone/Text-to-Web/Email/Mail-to-Web,10,Michigan,11/29/23,2023-12-06,U.S. President,primary,REP,Donald Trump,66,618,408
Monmouth,NA,Monmouth University Polling Institute,2.9,-0.9,Live Phone/Text-to-Web,9,National,11/30/23,2023-12-04,U.S. President,primary,REP,Donald Trump,53,540,286
Monmouth,NA,Monmouth University Polling Institute,2.9,-0.9,Live Phone/Text-to-Web,9,National,11/30/23,2023-12-04,U.S. President,primary,REP,Donald Trump,58,540,313
Emerson,NA,Emerson College,2.9,-1.1,IVR/Online Panel,7,National,11/17/23,2023-11-20,U.S. President,primary,REP,Donald Trump,63.6,662,421
Echelon Insights,NA,Echelon Insights,2.7,-0.8,Online Panel,9,National,11/14/23,2023-11-17,U.S. President,primary,REP,Donald Trump,61,461,281
Echelon Insights,NA,Echelon Insights,2.7,-0.8,Online Panel,9,National,11/14/23,2023-11-17,U.S. President,primary,REP,Donald Trump,69,461,318
Echelon Insights,NA,Echelon Insights,2.7,-0.8,Online Panel,9,National,11/14/23,2023-11-17,U.S. President,primary,REP,Donald Trump,68,461,313
YouGov,Economist,YouGov,3,-1.1,Online Panel,9,National,11/11/23,2023-11-14,U.S. President,primary,REP,Donald Trump,56,609,341
YouGov,Economist,YouGov,3,-1.1,Online Panel,9,National,11/11/23,2023-11-14,U.S. President,primary,REP,Donald Trump,57,546,311
Emerson,Nexstar | Inside California Politics,Emerson College,2.9,-1.1,IVR/Online Panel,7,California,11/11/23,2023-11-14,U.S. President,primary,REP,Donald Trump,63.3,331,210
Emerson,7News/WHDH,Emerson College,2.9,-1.1,IVR/Online Panel/Email,7,New Hampshire,11/10/23,2023-11-13,U.S. President,primary,REP,Donald Trump,48.5,465,226
Beacon/Shaw,FOX News,Beacon Research/Shaw & Company Research,2.8,-1.1,Live Phone,6,National,11/10/23,2023-11-13,U.S. President,primary,REP,Donald Trump,62,453,281
Beacon/Shaw,FOX News,Beacon Research/Shaw & Company Research,2.8,-1.1,Live Phone,6,National,11/10/23,2023-11-13,U.S. President,primary,REP,Donald Trump,62,453,281
Emerson,Nexstar | Fox 8 (WJW),Emerson College,2.9,-1.1,IVR/Online Panel/Email,7,Ohio,11/10/23,2023-11-13,U.S. President,primary,REP,Donald Trump,61.5,468,288
YouGov,Yahoo News,YouGov,3,-1.1,Online Panel,9,National,11/9/23,2023-11-13,U.S. President,primary,REP,Donald Trump,54,454,245
YouGov,Yahoo News,YouGov,3,-1.1,Online Panel,9,National,11/9/23,2023-11-13,U.S. President,primary,REP,Donald Trump,68,454,309
Quinnipiac,NA,Quinnipiac University,2.8,-0.5,Live Phone,9,National,11/9/23,2023-11-13,U.S. President,primary,REP,Donald Trump,64,686,439
Marquette Law School,NA,Marquette University Law School,3,-1.1,Probability Panel,10,National,11/2/23,2023-11-07,U.S. President,primary,REP,Donald Trump,54,398,215
Marquette Law School,NA,Marquette University Law School,3,-1.1,Probability Panel,10,National,11/2/23,2023-11-07,U.S. President,primary,REP,Donald Trump,64,398,255
Marquette Law School,NA,Marquette University Law School,3,-1.1,Probability Panel,10,National,11/2/23,2023-11-07,U.S. President,primary,REP,Donald Trump,69,398,275
Marquette Law School,NA,Marquette University Law School,3,-1.1,Probability Panel,10,National,11/2/23,2023-11-07,U.S. President,primary,REP,Donald Trump,57,356,203
Marquette Law School,NA,Marquette University Law School,3,-1.1,Probability Panel,10,National,11/2/23,2023-11-07,U.S. President,primary,REP,Donald Trump,65,356,231
Marquette Law School,NA,Marquette University Law School,3,-1.1,Probability Panel,10,National,11/2/23,2023-11-07,U.S. President,primary,REP,Donald Trump,70,356,249
U. North Florida,NA,University of North Florida Public Opinion Research Lab,2.8,-0.6,Live Phone,10,Florida,10/23/23,2023-11-04,U.S. President,primary,REP,Donald Trump,60,788,473
U. North Florida,NA,University of North Florida Public Opinion Research Lab,2.8,-0.6,Live Phone,10,Florida,10/23/23,2023-11-04,U.S. President,primary,REP,Donald Trump,59,788,465
YouGov,CBS News,YouGov,3,-1.1,Online Panel,9,National,10/31/23,2023-11-03,U.S. President,primary,REP,Donald Trump,61,556,339
CNN/SSRS,NA,CNN/SSRS,2.8,-0.6,Probability Panel,10,National,10/27/23,2023-11-02,U.S. President,primary,REP,Donald Trump,61,608,371
Marquette Law School,NA,Marquette University Law School,3,-1.1,Live Phone/Email,10,Wisconsin,10/26/23,2023-11-02,U.S. President,primary,REP,Donald Trump,38,418,159
YouGov,Economist,YouGov,3,-1.1,Online Panel,9,National,10/28/23,2023-10-31,U.S. President,primary,REP,Donald Trump,56,558,312
YouGov,Economist,YouGov,3,-1.1,Online Panel,9,National,10/28/23,2023-10-31,U.S. President,primary,REP,Donald Trump,56,518,290
Quinnipiac,NA,Quinnipiac University,2.8,-0.5,Live Phone,9,National,10/26/23,2023-10-30,U.S. President,primary,REP,Donald Trump,64,666,426
Echelon Insights,NA,Echelon Insights,2.7,-0.8,Online Panel,9,National,10/23/23,2023-10-26,U.S. President,primary,REP,Donald Trump,62,430,267
Echelon Insights,NA,Echelon Insights,2.7,-0.8,Online Panel,9,National,10/23/23,2023-10-26,U.S. President,primary,REP,Donald Trump,71,430,305
Echelon Insights,NA,Echelon Insights,2.7,-0.8,Online Panel,9,National,10/23/23,2023-10-26,U.S. President,primary,REP,Donald Trump,73,430,314
Selzer,Des Moines Register | NBC News | Mediacom,Selzer & Co.,2.8,-1.2,Live Phone,7.5,Iowa,10/22/23,2023-10-26,U.S. President,caucus,REP,Donald Trump,43,404,174
CNN/SSRS,NA,CNN/SSRS,2.8,-0.6,Live Phone/Text-to-Web/Email/Mail-to-Web,10,South Carolina,10/18/23,2023-10-25,U.S. President,primary,REP,Donald Trump,53,738,391
Suffolk,USA Today,Suffolk University,2.9,-1,Live Phone,8,National,10/17/23,2023-10-20,U.S. President,primary,REP,Donald Trump,57.93,309,179
Emerson,NA,Emerson College,2.9,-1.1,IVR/Online Panel,7,National,10/16/23,2023-10-17,U.S. President,primary,REP,Donald Trump,59.4,728,432
YouGov,University of Texas,YouGov,3,-1.1,Online Panel,9,Texas,10/5/23,2023-10-17,U.S. President,primary,REP,Donald Trump,62,568,352
YouGov,Yahoo News,YouGov,3,-1.1,Online Panel,9,National,10/12/23,2023-10-16,U.S. President,primary,REP,Donald Trump,56,486,272
YouGov,Yahoo News,YouGov,3,-1.1,Online Panel,9,National,10/12/23,2023-10-16,U.S. President,primary,REP,Donald Trump,66,486,321
Beacon/Shaw,FOX News,Beacon Research/Shaw & Company Research,2.8,-1.1,Live Phone,6,National,10/6/23,2023-10-09,U.S. President,primary,REP,Donald Trump,59,449,265
CNN/SSRS,NA,CNN/SSRS,2.8,-0.6,Live Phone/Probability Panel,10,National,10/4/23,2023-10-09,U.S. President,primary,REP,Donald Trump,58,428,248
YouGov,Economist,YouGov,3,-1.1,Online Panel,NA,National,9/30/23,2023-10-03,U.S. President,primary,REP,Donald Trump,58,596,346
YouGov,Economist,YouGov,3,-1.1,Online Panel,NA,National,9/30/23,2023-10-03,U.S. President,primary,REP,Donald Trump,58,570,331
SurveyUSA,NA,SurveyUSA,2.8,-1.3,Online Panel,NA,National,9/30/23,2023-10-03,U.S. President,primary,REP,Donald Trump,65,1055,686
CNN/SSRS,NA,CNN/SSRS,2.8,-0.6,Live Phone/Probability Panel,NA,Nevada,9/29/23,2023-10-03,U.S. President,caucus,REP,Donald Trump,65,650,422
Quinnipiac,NA,Quinnipiac University,2.8,-0.5,Live Phone,NA,Pennsylvania,9/28/23,2023-10-02,U.S. President,primary,REP,Donald Trump,61,711,434
Echelon Insights,NA,Echelon Insights,2.7,-0.8,Online Panel,NA,National,9/25/23,2023-09-28,U.S. President,primary,REP,Donald Trump,62,402,249
Echelon Insights,NA,Echelon Insights,2.7,-0.8,Online Panel,NA,National,9/25/23,2023-09-28,U.S. President,primary,REP,Donald Trump,71,402,285
YouGov,Economist,YouGov,3,-1.1,Online Panel,NA,National,9/23/23,2023-09-26,U.S. President,primary,REP,Donald Trump,51,559,285
YouGov,Economist,YouGov,3,-1.1,Online Panel,NA,National,9/23/23,2023-09-26,U.S. President,primary,REP,Donald Trump,53,513,272
Suffolk,Boston Globe | USA Today,Suffolk University,2.9,-1,Live Phone,NA,New Hampshire,9/23/23,2023-09-26,U.S. President,primary,REP,Donald Trump,49.4,500,247
Marquette Law School,NA,Marquette University Law School,3,-1.1,Probability Panel,NA,National,9/18/23,2023-09-25,U.S. President,primary,REP,Donald Trump,56,418,234
Marquette Law School,NA,Marquette University Law School,3,-1.1,Probability Panel,NA,National,9/18/23,2023-09-25,U.S. President,primary,REP,Donald Trump,56,381,213
Marquette Law School,NA,Marquette University Law School,3,-1.1,Probability Panel,NA,National,9/18/23,2023-09-25,U.S. President,primary,REP,Donald Trump,57,339,193
Marquette Law School,NA,Marquette University Law School,3,-1.1,Probability Panel,NA,National,9/18/23,2023-09-25,U.S. President,primary,REP,Donald Trump,74,418,309
Marquette Law School,NA,Marquette University Law School,3,-1.1,Probability Panel,NA,National,9/18/23,2023-09-25,U.S. President,primary,REP,Donald Trump,71,381,271
Marquette Law School,NA,Marquette University Law School,3,-1.1,Probability Panel,NA,National,9/18/23,2023-09-25,U.S. President,primary,REP,Donald Trump,71,339,241
Monmouth,NA,Monmouth University Polling Institute,2.9,-0.9,Live Phone/Text-to-Web,NA,National,9/19/23,2023-09-24,U.S. President,primary,REP,Donald Trump,48,514,247
Monmouth,NA,Monmouth University Polling Institute,2.9,-0.9,Live Phone/Text-to-Web,NA,National,9/19/23,2023-09-24,U.S. President,primary,REP,Donald Trump,55,514,283
YouGov,CBS News,YouGov,3,-1.1,Online Panel,NA,Iowa,9/15/23,2023-09-24,U.S. President,caucus,REP,Donald Trump,51,458,234
YouGov,CBS News,YouGov,3,-1.1,Online Panel,NA,New Hampshire,9/15/23,2023-09-24,U.S. President,primary,REP,Donald Trump,50,502,251
ABC/Washington Post,NA,ABC News/The Washington Post,3,-1.2,Live Phone,NA,National,9/15/23,2023-09-20,U.S. President,primary,REP,Donald Trump,54,474,256
ABC/Washington Post,NA,ABC News/The Washington Post,3,-1.2,Live Phone,NA,National,9/15/23,2023-09-20,U.S. President,primary,REP,Donald Trump,55,NA,NA
Emerson,NA,Emerson College,2.9,-1.1,IVR/Online Panel,NA,National,9/17/23,2023-09-18,U.S. President,primary,REP,Donald Trump,58.9,518,305
YouGov,Yahoo News,YouGov,3,-1.1,Online Panel,NA,National,9/14/23,2023-09-18,U.S. President,primary,REP,Donald Trump,59,470,277
YouGov,Yahoo News,YouGov,3,-1.1,Online Panel,NA,National,9/14/23,2023-09-18,U.S. President,primary,REP,Donald Trump,65,469,305
Beacon/Shaw,Fox Business,Beacon Research/Shaw & Company Research,2.8,-1.1,Live Phone,NA,South Carolina,9/14/23,2023-09-18,U.S. President,primary,REP,Donald Trump,46,809,372
Beacon/Shaw,Fox Business,Beacon Research/Shaw & Company Research,2.8,-1.1,Live Phone,NA,Iowa,9/14/23,2023-09-18,U.S. President,caucus,REP,Donald Trump,46,813,374
YouGov Blue,The Liberal Patriot,YouGov Blue,3,-1.1,Online Panel,NA,National,9/7/23,2023-09-18,U.S. President,primary,REP,Donald Trump,48,1653,793
Ipsos,Reuters,Ipsos,2.8,-0.9,Probability Panel,NA,National,9/8/23,2023-09-14,U.S. President,primary,REP,Donald Trump,51,1749,892
YouGov,Economist,YouGov,3,-1.1,Online Panel,NA,National,9/10/23,2023-09-12,U.S. President,primary,REP,Donald Trump,53,572,303
YouGov,Economist,YouGov,3,-1.1,Online Panel,NA,National,9/10/23,2023-09-12,U.S. President,primary,REP,Donald Trump,55,537,295
Beacon/Shaw,FOX News,Beacon Research/Shaw & Company Research,2.8,-1.1,Live Phone,NA,National,9/9/23,2023-09-12,U.S. President,primary,REP,Donald Trump,60,409,245
Quinnipiac,NA,Quinnipiac University,2.8,-0.5,Live Phone,NA,National,9/7/23,2023-09-11,U.S. President,primary,REP,Donald Trump,62,728,451
Emerson,NA,Emerson College,2.9,-1.1,IVR/Online Panel,NA,Iowa,9/7/23,2023-09-09,U.S. President,caucus,REP,Donald Trump,49.1,357,175
Echelon Insights,Republican Main Street Partnership | Women2Women,Echelon Insights,2.7,-0.8,Online Panel,NA,National,8/31/23,2023-09-04,U.S. President,primary,REP,Donald Trump,59,1026,605
Echelon Insights,NA,Echelon Insights,2.7,-0.8,Online Panel,NA,National,8/28/23,2023-08-31,U.S. President,primary,REP,Donald Trump,52,468,243
Echelon Insights,NA,Echelon Insights,2.7,-0.8,Online Panel,NA,National,8/28/23,2023-08-31,U.S. President,primary,REP,Donald Trump,64,468,300
Echelon Insights,NA,Echelon Insights,2.7,-0.8,Online Panel,NA,National,8/28/23,2023-08-31,U.S. President,primary,REP,Donald Trump,73,468,342
CNN/SSRS,NA,CNN/SSRS,2.8,-0.6,Probability Panel,NA,National,8/25/23,2023-08-31,U.S. President,primary,REP,Donald Trump,52,784,408
YouGov,Economist,YouGov,3,-1.1,Online Panel,NA,National,8/26/23,2023-08-29,U.S. President,primary,REP,Donald Trump,51,562,287
YouGov,Economist,YouGov,3,-1.1,Online Panel,NA,National,8/26/23,2023-08-29,U.S. President,primary,REP,Donald Trump,52,520,270
Siena,Mississippi Today,Siena College,2.7,-0.8,Live Phone,NA,Mississippi,8/20/23,2023-08-28,U.S. President,primary,REP,Donald Trump,61,NA,NA
Emerson,NA,Emerson College,2.9,-1.1,IVR/Online Panel,NA,National,8/25/23,2023-08-26,U.S. President,primary,REP,Donald Trump,49.6,460,228
Ipsos,Reuters,Ipsos,2.8,-0.9,Probability Panel,NA,National,8/24/23,2023-08-25,U.S. President,primary,REP,Donald Trump,52,347,180
YouGov,Yahoo News,YouGov,3,-1.1,Online Panel,NA,National,8/17/23,2023-08-21,U.S. President,primary,REP,Donald Trump,52,482,251
YouGov,Yahoo News,YouGov,3,-1.1,Online Panel,NA,National,8/17/23,2023-08-21,U.S. President,primary,REP,Donald Trump,60,482,289
YouGov,CBS News,YouGov,3,-1.1,Online Panel,NA,National,8/16/23,2023-08-18,U.S. President,primary,REP,Donald Trump,62,531,329
Emerson,NA,Emerson College,2.9,-1.1,IVR/Online Panel,NA,National,8/16/23,2023-08-17,U.S. President,primary,REP,Donald Trump,55.5,465,258
Echelon Insights,Republican Main Street Partnership,Echelon Insights,2.7,-0.8,Online Panel,NA,National,8/15/23,2023-08-17,U.S. President,primary,REP,Donald Trump,57,1017,580
Echelon Insights,Republican Main Street Partnership,Echelon Insights,2.7,-0.8,Live Phone/Text-to-Web,NA,New Hampshire,8/15/23,2023-08-17,U.S. President,primary,REP,Donald Trump,34,800,272
Echelon Insights,Republican Main Street Partnership,Echelon Insights,2.7,-0.8,Live Phone/Text-to-Web,NA,Iowa,8/15/23,2023-08-17,U.S. President,caucus,REP,Donald Trump,33,800,264
Selzer,Des Moines Register | NBC News | Mediacom,Selzer & Co.,2.8,-1.2,Live Phone,NA,Iowa,8/13/23,2023-08-17,U.S. President,caucus,REP,Donald Trump,42,406,171
YouGov,Economist,YouGov,3,-1.1,Online Panel,NA,National,8/12/23,2023-08-15,U.S. President,primary,REP,Donald Trump,53,567,301
YouGov,Economist,YouGov,3,-1.1,Online Panel,NA,National,8/12/23,2023-08-15,U.S. President,primary,REP,Donald Trump,55,527,290
Emerson,Nexstar,Emerson College,2.9,-1.1,IVR/Text-to-Web/Email,NA,Louisiana,8/13/23,2023-08-14,U.S. President,primary,REP,Donald Trump,75,NA,NA
Marist,NA,Marist College,2.9,-0.9,Live Phone/Online Panel/Text,NA,National,8/11/23,2023-08-14,U.S. President,primary,REP,Donald Trump,67,426,285
Beacon/Shaw,FOX News,Beacon Research/Shaw & Company Research,2.8,-1.1,Live Phone,NA,National,8/11/23,2023-08-14,U.S. President,primary,REP,Donald Trump,53,413,219
Quinnipiac,NA,Quinnipiac University,2.8,-0.5,Live Phone,NA,National,8/10/23,2023-08-14,U.S. President,primary,REP,Donald Trump,57,681,388
Emerson,NA,Emerson College,2.9,-1.1,IVR/Online Panel/Text-to-Web/Email,7,New Hampshire,8/9/23,2023-08-11,U.S. President,primary,REP,Donald Trump,49.3,402,198
Emerson,NA,Emerson College,2.9,-1.1,IVR/Online Panel/Text-to-Web/Email,NA,Arizona,8/2/23,2023-08-04,U.S. President,primary,REP,Donald Trump,58.1,663,385
Ipsos,Reuters,Ipsos,2.8,-0.9,Probability Panel,NA,National,8/2/23,2023-08-03,U.S. President,primary,REP,Donald Trump,47,355,167
Emerson,NA,Emerson College,2.9,-1.1,IVR/Online Panel/Text-to-Web/Email,NA,Michigan,8/1/23,2023-08-02,U.S. President,primary,REP,Donald Trump,61.4,498,306
Siena/NYT,NA,The New York Times/Siena College,3,-1.5,Live Phone,NA,Iowa,7/28/23,2023-08-01,U.S. President,caucus,REP,Donald Trump,44,432,190
Siena/NYT,NA,The New York Times/Siena College,3,-1.5,Live Phone,NA,Iowa,7/28/23,2023-08-01,U.S. President,caucus,REP,Donald Trump,55,432,238
Echelon Insights,NA,Echelon Insights,2.7,-0.8,Online Panel,NA,National,7/24/23,2023-07-27,U.S. President,primary,REP,Donald Trump,56,399,223
Echelon Insights,NA,Echelon Insights,2.7,-0.8,Online Panel,NA,National,7/24/23,2023-07-27,U.S. President,primary,REP,Donald Trump,61,399,243
Echelon Insights,NA,Echelon Insights,2.7,-0.8,Online Panel,NA,National,7/24/23,2023-07-27,U.S. President,primary,REP,Donald Trump,71,399,283
Echelon Insights,NA,Echelon Insights,2.7,-0.8,Online Panel,NA,National,7/24/23,2023-07-27,U.S. President,primary,REP,Donald Trump,70,399,279
Siena/NYT,NA,The New York Times/Siena College,3,-1.5,Live Phone,NA,National,7/23/23,2023-07-27,U.S. President,primary,REP,Donald Trump,54,932,503
Siena/NYT,NA,The New York Times/Siena College,3,-1.5,Live Phone,NA,National,7/23/23,2023-07-27,U.S. President,primary,REP,Donald Trump,62,932,578
YouGov,Economist,YouGov,3,-1.1,Online Panel,NA,National,7/22/23,2023-07-25,U.S. President,primary,REP,Donald Trump,55,537,295
YouGov,Economist,YouGov,3,-1.1,Online Panel,NA,National,7/22/23,2023-07-25,U.S. President,primary,REP,Donald Trump,54,498,269
Beacon/Shaw,Fox Business,Beacon Research/Shaw & Company Research,2.8,-1.1,Live Phone,NA,South Carolina,7/15/23,2023-07-19,U.S. President,primary,REP,Donald Trump,48,808,388
Beacon/Shaw,Fox Business,Beacon Research/Shaw & Company Research,2.8,-1.1,Live Phone,NA,Iowa,7/15/23,2023-07-19,U.S. President,caucus,REP,Donald Trump,46,806,371
Monmouth,NA,Monmouth University Polling Institute,2.9,-0.9,Live Phone/Text-to-Web,NA,National,7/12/23,2023-07-19,U.S. President,primary,REP,Donald Trump,46,681,313
Monmouth,NA,Monmouth University Polling Institute,2.9,-0.9,Live Phone/Text-to-Web,NA,National,7/12/23,2023-07-19,U.S. President,primary,REP,Donald Trump,55,681,375
Monmouth,NA,Monmouth University Polling Institute,2.9,-0.9,Live Phone/Text-to-Web,NA,National,7/12/23,2023-07-19,U.S. President,primary,REP,Donald Trump,72,681,490
Monmouth,NA,Monmouth University Polling Institute,2.9,-0.9,Live Phone/Text-to-Web,NA,National,7/12/23,2023-07-19,U.S. President,primary,REP,Donald Trump,82,681,558
Monmouth,NA,Monmouth University Polling Institute,2.9,-0.9,Live Phone/Text-to-Web,NA,National,7/12/23,2023-07-19,U.S. President,primary,REP,Donald Trump,54,681,368
Quinnipiac,NA,Quinnipiac University,2.8,-0.5,Live Phone,NA,National,7/13/23,2023-07-17,U.S. President,primary,REP,Donald Trump,54,727,393
YouGov,Yahoo News,YouGov,3,-1.1,Online Panel,NA,National,7/13/23,2023-07-17,U.S. President,primary,REP,Donald Trump,48,468,225
YouGov,Yahoo News,YouGov,3,-1.1,Online Panel,NA,National,7/13/23,2023-07-17,U.S. President,primary,REP,Donald Trump,54,468,253
Ipsos,Reuters,Ipsos,2.8,-0.9,Probability Panel,NA,National,7/11/23,2023-07-17,U.S. President,primary,REP,Donald Trump,47,2764,1299
Suffolk,USA Today,Suffolk University,2.9,-1,Live Phone,NA,Ohio,7/9/23,2023-07-12,U.S. President,primary,REP,Donald Trump,48.42,190,92
Marquette Law School,NA,Marquette University Law School,3,-1.1,Probability Panel,NA,National,7/7/23,2023-07-12,U.S. President,primary,REP,Donald Trump,49,403,197
Marquette Law School,NA,Marquette University Law School,3,-1.1,Probability Panel,NA,National,7/7/23,2023-07-12,U.S. President,primary,REP,Donald Trump,46,347,160
Marquette Law School,NA,Marquette University Law School,3,-1.1,Probability Panel,NA,National,7/7/23,2023-07-12,U.S. President,primary,REP,Donald Trump,57,403,230
Marquette Law School,NA,Marquette University Law School,3,-1.1,Probability Panel,NA,National,7/7/23,2023-07-12,U.S. President,primary,REP,Donald Trump,54,347,187
YouGov,Economist,YouGov,3,-1.1,Online Panel,NA,National,7/8/23,2023-07-11,U.S. President,primary,REP,Donald Trump,48,502,241
YouGov,Economist,YouGov,3,-1.1,Online Panel,NA,National,7/8/23,2023-07-11,U.S. President,primary,REP,Donald Trump,49,549,269
Echelon Insights,NA,Echelon Insights,2.7,-0.8,Online Panel,NA,National,6/26/23,2023-06-29,U.S. President,primary,REP,Donald Trump,49,413,202
Echelon Insights,NA,Echelon Insights,2.7,-0.8,Online Panel,NA,National,6/26/23,2023-06-29,U.S. President,primary,REP,Donald Trump,60,413,248
YouGov Blue,The Liberal Patriot,YouGov Blue,3,-1.1,Online Panel,NA,National,6/20/23,2023-06-29,U.S. President,primary,REP,Donald Trump,42,1555,653
YouGov,Economist,YouGov,3,-1.1,Online Panel,NA,National,6/24/23,2023-06-27,U.S. President,primary,REP,Donald Trump,52,388,202
Beacon/Shaw,FOX News,Beacon Research/Shaw & Company Research,2.8,-1.1,Live Phone,NA,National,6/23/23,2023-06-26,U.S. President,primary,REP,Donald Trump,56,391,219
Quinnipiac,NA,Quinnipiac University,2.8,-0.5,Live Phone,NA,Pennsylvania,6/22/23,2023-06-26,U.S. President,primary,REP,Donald Trump,49,614,301
Siena,NA,Siena College,2.7,-0.8,Live Phone/Online Panel,NA,New York,6/20/23,2023-06-25,U.S. President,primary,REP,Donald Trump,61,NA,NA
Emerson,NA,Emerson College,2.9,-1.1,IVR/Online Panel/Text-to-Web/Email,NA,National,6/19/23,2023-06-20,U.S. President,primary,REP,Donald Trump,58.7,362,212
YouGov,Yahoo News,YouGov,3,-1.1,Online Panel,NA,National,6/16/23,2023-06-20,U.S. President,primary,REP,Donald Trump,48,466,224
YouGov,Yahoo News,YouGov,3,-1.1,Online Panel,NA,National,6/16/23,2023-06-20,U.S. President,primary,REP,Donald Trump,53,466,247
CNN/SSRS,NA,CNN/SSRS,2.8,-0.6,Live Phone/Probability Panel,NA,National,6/13/23,2023-06-17,U.S. President,primary,REP,Donald Trump,47,561,264
YouGov,Economist,YouGov,3,-1.1,Online Panel,NA,National,6/10/23,2023-06-13,U.S. President,primary,REP,Donald Trump,51,530,270
YouGov,Economist,YouGov,3,-1.1,Online Panel,NA,National,6/10/23,2023-06-13,U.S. President,primary,REP,Donald Trump,51,488,249
Marquette Law School,NA,Marquette University Law School,3,-1.1,Live Phone/Online Panel/Mail-to-Web,NA,Wisconsin,6/8/23,2023-06-13,U.S. President,primary,REP,Donald Trump,31,419,130
Marquette Law School,NA,Marquette University Law School,3,-1.1,Live Phone/Online Panel/Mail-to-Web,NA,Wisconsin,6/8/23,2023-06-13,U.S. President,primary,REP,Donald Trump,41,419,172
Ipsos,Reuters,Ipsos,2.8,-0.9,Probability Panel,NA,National,6/9/23,2023-06-12,U.S. President,primary,REP,Donald Trump,43,337,145
Quinnipiac,NA,Quinnipiac University,2.8,-0.5,Live Phone,9,National,6/8/23,2023-06-12,U.S. President,primary,REP,Donald Trump,53,700,371
YouGov,CBS News,YouGov,3,-1.1,Online Panel,NA,National,6/7/23,2023-06-10,U.S. President,primary,REP,Donald Trump,61,586,357
Suffolk,USA Today,Suffolk University,2.9,-1,Live Phone,NA,National,6/5/23,2023-06-09,U.S. President,primary,REP,Donald Trump,48.16,245,118
Emerson,Nexstar | Inside California Politics,Emerson College,2.9,-1.1,Online Panel/Email/Text-to-Web,NA,California,6/4/23,2023-06-07,U.S. President,primary,REP,Donald Trump,53.4,329,176
YouGov,Economist,YouGov,3,-1.1,Online Panel,NA,National,5/27/23,2023-05-31,U.S. President,primary,REP,Donald Trump,52,397,206
YouGov,Yahoo News,YouGov,3,-1.1,Online Panel,NA,National,5/25/23,2023-05-30,U.S. President,primary,REP,Donald Trump,53,432,229
YouGov,Yahoo News,YouGov,3,-1.1,Online Panel,NA,National,5/25/23,2023-05-30,U.S. President,primary,REP,Donald Trump,55,432,238
YouGov,Yahoo News,YouGov,3,-1.1,Online Panel,NA,National,5/25/23,2023-05-30,U.S. President,primary,REP,Donald Trump,69,402,277
YouGov,Yahoo News,YouGov,3,-1.1,Online Panel,NA,National,5/25/23,2023-05-30,U.S. President,primary,REP,Donald Trump,73,400,292
YouGov,Yahoo News,YouGov,3,-1.1,Online Panel,NA,National,5/25/23,2023-05-30,U.S. President,primary,REP,Donald Trump,70,395,276
YouGov,Yahoo News,YouGov,3,-1.1,Online Panel,NA,National,5/25/23,2023-05-30,U.S. President,primary,REP,Donald Trump,77,406,313
YouGov,Yahoo News,YouGov,3,-1.1,Online Panel,NA,National,5/25/23,2023-05-30,U.S. President,primary,REP,Donald Trump,72,407,293
Echelon Insights,NA,Echelon Insights,2.7,-0.8,Online Panel,NA,National,5/22/23,2023-05-25,U.S. President,primary,REP,Donald Trump,49,390,191
Echelon Insights,NA,Echelon Insights,2.7,-0.8,Online Panel,NA,National,5/22/23,2023-05-25,U.S. President,primary,REP,Donald Trump,59,390,230
Monmouth,NA,Monmouth University Polling Institute,2.9,-0.9,Live Phone/Text-to-Web,NA,National,5/18/23,2023-05-24,U.S. President,primary,REP,Donald Trump,43,655,282
Monmouth,NA,Monmouth University Polling Institute,2.9,-0.9,Live Phone/Text-to-Web,NA,National,5/18/23,2023-05-24,U.S. President,primary,REP,Donald Trump,56,655,367
Monmouth,NA,Monmouth University Polling Institute,2.9,-0.9,Live Phone/Text-to-Web,NA,National,5/18/23,2023-05-24,U.S. President,primary,REP,Donald Trump,56,655,367
YouGov,Economist,YouGov,3,-1.1,Online Panel,NA,National,5/20/23,2023-05-23,U.S. President,primary,REP,Donald Trump,60,408,245
Beacon/Shaw,FOX News,Beacon Research/Shaw & Company Research,2.8,-1.1,Live Phone,NA,National,5/19/23,2023-05-22,U.S. President,primary,REP,Donald Trump,53,412,218
Emerson,NA,Emerson College,2.9,-1.1,IVR/Online Panel/Text-to-Web/Email,NA,Iowa,5/19/23,2023-05-22,U.S. President,caucus,REP,Donald Trump,61.7,442,273
Quinnipiac,NA,Quinnipiac University,2.8,-0.5,Live Phone,NA,National,5/18/23,2023-05-22,U.S. President,primary,REP,Donald Trump,56,669,375
Quinnipiac,NA,Quinnipiac University,2.8,-0.5,Live Phone,NA,National,5/18/23,2023-05-22,U.S. President,primary,REP,Donald Trump,61,669,408
CNN/SSRS,NA,CNN/SSRS,2.8,-0.6,Live Phone/Probability Panel,NA,National,5/17/23,2023-05-20,U.S. President,primary,REP,Donald Trump,53,476,252
Marquette Law School,NA,Marquette University Law School,3,-1.1,Probability Panel,NA,National,5/8/23,2023-05-18,U.S. President,primary,REP,Donald Trump,45,381,171
Marquette Law School,NA,Marquette University Law School,3,-1.1,Probability Panel,NA,National,5/8/23,2023-05-18,U.S. President,primary,REP,Donald Trump,46,377,173
Marquette Law School,NA,Marquette University Law School,3,-1.1,Probability Panel,NA,National,5/8/23,2023-05-18,U.S. President,primary,REP,Donald Trump,51,381,194
Marquette Law School,NA,Marquette University Law School,3,-1.1,Probability Panel,NA,National,5/8/23,2023-05-18,U.S. President,primary,REP,Donald Trump,52,377,196
YouGov,Economist,YouGov,3,-1.1,Online Panel,NA,National,5/13/23,2023-05-16,U.S. President,primary,REP,Donald Trump,58,397,230
Ipsos,Reuters,Ipsos,2.8,-0.9,Probability Panel,NA,National,5/9/23,2023-05-15,U.S. President,primary,REP,Donald Trump,49,NA,NA
Ipsos,Reuters,Ipsos,2.8,-0.9,Probability Panel,NA,National,5/9/23,2023-05-15,U.S. President,primary,REP,Donald Trump,49,1642,805
Ipsos,Politico,Ipsos,2.8,-0.9,Probability Panel,NA,National,5/12/23,2023-05-14,U.S. President,primary,REP,Donald Trump,32,498,159
Emerson,Nexstar | Fox 56 Lexington,Emerson College,2.9,-1.1,IVR/Online Panel,NA,Kentucky,5/10/23,2023-05-12,U.S. President,primary,REP,Donald Trump,70.3,500,352
YouGov,Yahoo News,YouGov,3,-1.1,Online Panel,NA,National,5/5/23,2023-05-08,U.S. President,primary,REP,Donald Trump,48,451,216
YouGov,Yahoo News,YouGov,3,-1.1,Online Panel,NA,National,5/5/23,2023-05-08,U.S. President,primary,REP,Donald Trump,50,451,226
ABC/Washington Post,NA,ABC News/The Washington Post,3,-1.2,Live Phone,NA,National,4/28/23,2023-05-03,U.S. President,primary,REP,Donald Trump,51,438,223
ABC/Washington Post,NA,ABC News/The Washington Post,3,-1.2,Live Phone,NA,National,4/28/23,2023-05-03,U.S. President,primary,REP,Donald Trump,53,NA,NA
YouGov,Economist,YouGov,3,-1.1,Online Panel,NA,National,4/29/23,2023-05-02,U.S. President,primary,REP,Donald Trump,54,404,218
YouGov,CBS News,YouGov,3,-1.1,Online Panel,NA,National,5/1/23,2023-05-01,U.S. President,primary,REP,Donald Trump,58,587,340
SurveyUSA,John Locke Foundation,SurveyUSA,2.8,-1.3,IVR/Online Panel,NA,North Carolina,4/25/23,2023-04-29,U.S. President,primary,REP,Donald Trump,55,707,389
Echelon Insights,NA,Echelon Insights,2.7,-0.8,Online Panel,NA,National,4/25/23,2023-04-27,U.S. President,primary,REP,Donald Trump,50,418,209
Echelon Insights,NA,Echelon Insights,2.7,-0.8,Online Panel,NA,National,4/25/23,2023-04-27,U.S. President,primary,REP,Donald Trump,61,418,255
Emerson,NA,Emerson College,2.9,-1.1,IVR/Online Panel,NA,National,4/24/23,2023-04-25,U.S. President,primary,REP,Donald Trump,61.6,445,274
Ipsos,Reuters,Ipsos,2.8,-0.9,Probability Panel,NA,National,4/21/23,2023-04-24,U.S. President,primary,REP,Donald Trump,49,361,177
Beacon/Shaw,FOX News,Beacon Research/Shaw & Company Research,2.8,-1.1,Live Phone,NA,National,4/21/23,2023-04-24,U.S. President,primary,REP,Donald Trump,53,408,216
YouGov,Economist,YouGov,3,-1.1,Online Panel,NA,National,4/15/23,2023-04-18,U.S. President,primary,REP,Donald Trump,53,419,222
YouGov,Yahoo News,YouGov,3,-1.1,Online Panel,NA,National,4/14/23,2023-04-17,U.S. President,primary,REP,Donald Trump,52,444,231
YouGov,Yahoo News,YouGov,3,-1.1,Online Panel,NA,National,4/14/23,2023-04-17,U.S. President,primary,REP,Donald Trump,49,444,218
Emerson,Nexstar | Fox 56 Lexington,Emerson College,2.9,-1.1,IVR/Text-to-Web/Email,NA,Kentucky,4/10/23,2023-04-11,U.S. President,primary,REP,Donald Trump,61.5,900,554
YouGov,Economist,YouGov,3,-1.1,Online Panel,NA,National,4/8/23,2023-04-11,U.S. President,primary,REP,Donald Trump,53,395,209
Ipsos,Reuters,Ipsos,2.8,-0.9,Probability Panel,NA,National,4/5/23,2023-04-06,U.S. President,primary,REP,Donald Trump,58,368,213
YouGov,NA,YouGov,3,-1.1,Online Panel,NA,National,4/4/23,2023-04-06,U.S. President,primary,REP,Donald Trump,55,267,147
YouGov,Economist,YouGov,3,-1.1,Online Panel,NA,National,4/1/23,2023-04-04,U.S. President,primary,REP,Donald Trump,53,405,215
Ipsos,Reuters,Ipsos,2.8,-0.9,Probability Panel,NA,National,3/31/23,2023-04-03,U.S. President,primary,REP,Donald Trump,48,706,339
YouGov,Yahoo News,YouGov,3,-1.1,Online Panel,NA,National,3/30/23,2023-03-31,U.S. President,primary,REP,Donald Trump,52,318,165
YouGov,Yahoo News,YouGov,3,-1.1,Online Panel,NA,National,3/30/23,2023-03-31,U.S. President,primary,REP,Donald Trump,57,318,181
Echelon Insights,NA,Echelon Insights,2.7,-0.8,Online Panel,NA,National,3/27/23,2023-03-29,U.S. President,primary,REP,Donald Trump,49,370,181
Echelon Insights,NA,Echelon Insights,2.7,-0.8,Online Panel,NA,National,3/27/23,2023-03-29,U.S. President,primary,REP,Donald Trump,59,370,218
Ipsos,NA,Ipsos,2.8,-0.9,Probability Panel,NA,National,3/21/23,2023-03-29,U.S. President,primary,REP,Donald Trump,30,519,156
Beacon/Shaw,FOX News,Beacon Research/Shaw & Company Research,2.8,-1.1,Live Phone,NA,National,3/24/23,2023-03-27,U.S. President,primary,REP,Donald Trump,54,426,230
Quinnipiac,NA,Quinnipiac University,2.8,-0.5,Live Phone,NA,National,3/23/23,2023-03-27,U.S. President,primary,REP,Donald Trump,47,671,315
Quinnipiac,NA,Quinnipiac University,2.8,-0.5,Live Phone,NA,National,3/23/23,2023-03-27,U.S. President,primary,REP,Donald Trump,52,671,349
Siena,NA,Siena College,2.7,-0.8,Live Phone/Online Panel,NA,New York,3/19/23,2023-03-22,U.S. President,primary,REP,Donald Trump,52,NA,NA
Marquette Law School,NA,Marquette University Law School,3,-1.1,Probability Panel,NA,National,3/13/23,2023-03-22,U.S. President,primary,REP,Donald Trump,40,432,173
Marquette Law School,NA,Marquette University Law School,3,-1.1,Probability Panel,NA,National,3/13/23,2023-03-22,U.S. President,primary,REP,Donald Trump,40,443,177
Marquette Law School,NA,Marquette University Law School,3,-1.1,Probability Panel,NA,National,3/13/23,2023-03-22,U.S. President,primary,REP,Donald Trump,49,432,212
Marquette Law School,NA,Marquette University Law School,3,-1.1,Probability Panel,NA,National,3/13/23,2023-03-22,U.S. President,primary,REP,Donald Trump,46,443,204
YouGov,Yahoo News,YouGov,3,-1.1,Online Panel,NA,National,3/16/23,2023-03-20,U.S. President,primary,REP,Donald Trump,44,459,202
YouGov,Yahoo News,YouGov,3,-1.1,Online Panel,NA,National,3/16/23,2023-03-20,U.S. President,primary,REP,Donald Trump,47,458,215
YouGov,Yahoo News,YouGov,3,-1.1,Online Panel,NA,National,3/16/23,2023-03-20,U.S. President,primary,REP,Donald Trump,47,458,215
Monmouth,NA,Monmouth University Polling Institute,2.9,-0.9,Live Phone/Text-to-Web,NA,National,3/16/23,2023-03-20,U.S. President,primary,REP,Donald Trump,41,521,214
Monmouth,NA,Monmouth University Polling Institute,2.9,-0.9,Live Phone/Text-to-Web,NA,National,3/16/23,2023-03-20,U.S. President,primary,REP,Donald Trump,44,521,229
Monmouth,NA,Monmouth University Polling Institute,2.9,-0.9,Live Phone/Text-to-Web,NA,National,3/16/23,2023-03-20,U.S. President,primary,REP,Donald Trump,45,521,234
Monmouth,NA,Monmouth University Polling Institute,2.9,-0.9,Live Phone/Text-to-Web,NA,National,3/16/23,2023-03-20,U.S. President,primary,REP,Donald Trump,67,521,349
Monmouth,NA,Monmouth University Polling Institute,2.9,-0.9,Live Phone/Text-to-Web,NA,National,3/16/23,2023-03-20,U.S. President,primary,REP,Donald Trump,47,521,245
Monmouth,NA,Monmouth University Polling Institute,2.9,-0.9,Live Phone/Text-to-Web,NA,National,3/16/23,2023-03-20,U.S. President,primary,REP,Donald Trump,73,521,380
Monmouth,NA,Monmouth University Polling Institute,2.9,-0.9,Live Phone/Text-to-Web,NA,National,3/16/23,2023-03-20,U.S. President,primary,REP,Donald Trump,70,521,365
Ipsos,Reuters,Ipsos,2.8,-0.9,Probability Panel,NA,National,3/14/23,2023-03-20,U.S. President,primary,REP,Donald Trump,44,1627,716
Emerson,NA,Emerson College,2.9,-1.1,IVR/Online Panel/Text-to-Web/Email,NA,Florida,3/13/23,2023-03-15,U.S. President,primary,REP,Donald Trump,46.6,443,206
Emerson,NA,Emerson College,2.9,-1.1,IVR/Online Panel/Text-to-Web/Email,NA,Florida,3/13/23,2023-03-15,U.S. President,primary,REP,Donald Trump,78.7,443,349
Quinnipiac,NA,Quinnipiac University,2.8,-0.5,Live Phone,NA,National,3/9/23,2023-03-13,U.S. President,primary,REP,Donald Trump,46,677,311
Quinnipiac,NA,Quinnipiac University,2.8,-0.5,Live Phone,NA,National,3/9/23,2023-03-13,U.S. President,primary,REP,Donald Trump,51,677,345
CNN/SSRS,NA,CNN/SSRS,2.8,-0.6,Live Phone/Probability Panel,NA,National,3/8/23,2023-03-12,U.S. President,primary,REP,Donald Trump,40,1045,418
CNN/SSRS,NA,CNN/SSRS,2.8,-0.6,Live Phone/Probability Panel,NA,National,3/8/23,2023-03-12,U.S. President,primary,REP,Donald Trump,37,NA,NA
U. North Florida,NA,University of North Florida Public Opinion Research Lab,2.8,-0.6,Live Phone/Email,NA,Florida,2/25/23,2023-03-07,U.S. President,primary,REP,Donald Trump,27,550,148
U. North Florida,NA,University of North Florida Public Opinion Research Lab,2.8,-0.6,Live Phone/Email,NA,Florida,2/25/23,2023-03-07,U.S. President,primary,REP,Donald Trump,28,550,154
Emerson,7News/WHDH,Emerson College,2.9,-1.1,IVR/Online Panel/Text-to-Web,NA,New Hampshire,3/3/23,2023-03-05,U.S. President,primary,REP,Donald Trump,58.2,384,223
Emerson,7News/WHDH,Emerson College,2.9,-1.1,IVR/Online Panel/Text-to-Web,NA,New Hampshire,3/3/23,2023-03-05,U.S. President,primary,REP,Donald Trump,72.5,384,278
YouGov,Yahoo News,YouGov,3,-1.1,Online Panel,NA,National,2/23/23,2023-02-27,U.S. President,primary,REP,Donald Trump,45,444,200
YouGov,Yahoo News,YouGov,3,-1.1,Online Panel,NA,National,2/23/23,2023-02-27,U.S. President,primary,REP,Donald Trump,47,444,209
YouGov,Yahoo News,YouGov,3,-1.1,Online Panel,NA,National,2/23/23,2023-02-27,U.S. President,primary,REP,Donald Trump,58,444,258
YouGov,Yahoo News,YouGov,3,-1.1,Online Panel,NA,National,2/23/23,2023-02-27,U.S. President,primary,REP,Donald Trump,43,444,191
YouGov,NA,YouGov,3,-1.1,Online Panel,NA,National,2/22/23,2023-02-27,U.S. President,primary,REP,Donald Trump,47,349,164
Emerson,NA,Emerson College,2.9,-1.1,IVR/Online Panel,NA,National,2/24/23,2023-02-25,U.S. President,primary,REP,Donald Trump,54.7,465,254
Emerson,NA,Emerson College,2.9,-1.1,IVR/Online Panel,NA,National,2/24/23,2023-02-25,U.S. President,primary,REP,Donald Trump,78.5,465,365
Echelon Insights,NA,Echelon Insights,2.7,-0.8,Online Panel,NA,National,2/21/23,2023-02-23,U.S. President,primary,REP,Donald Trump,41,419,172
Echelon Insights,NA,Echelon Insights,2.7,-0.8,Online Panel,NA,National,2/21/23,2023-02-23,U.S. President,primary,REP,Donald Trump,53,419,222
Echelon Insights,NA,Echelon Insights,2.7,-0.8,Live Phone/Text-to-Web,NA,New York,2/21/23,2023-02-23,U.S. President,primary,REP,Donald Trump,44,600,264
Beacon/Shaw,FOX News,Beacon Research/Shaw & Company Research,2.8,-1.1,Live Phone,NA,National,2/19/23,2023-02-22,U.S. President,primary,REP,Donald Trump,43,413,178
Beacon/Shaw,FOX News,Beacon Research/Shaw & Company Research,2.8,-1.1,Live Phone,NA,National,2/19/23,2023-02-22,U.S. President,primary,REP,Donald Trump,66,413,273
Echelon Insights,NA,Echelon Insights,2.7,-0.8,Live Phone/Text-to-Web,NA,Michigan,2/13/23,2023-02-16,U.S. President,primary,REP,Donald Trump,42,400,168
Quinnipiac,NA,Quinnipiac University,2.8,-0.5,Live Phone,NA,National,2/9/23,2023-02-14,U.S. President,primary,REP,Donald Trump,42,592,249
Quinnipiac,NA,Quinnipiac University,2.8,-0.5,Live Phone,NA,National,2/9/23,2023-02-14,U.S. President,primary,REP,Donald Trump,43,592,255
Ipsos,Reuters,Ipsos,2.8,-0.9,Probability Panel,NA,National,2/6/23,2023-02-13,U.S. President,primary,REP,Donald Trump,42.8,1465,627
YouGov,Economist,YouGov,3,-1.1,Online Panel,NA,National,2/4/23,2023-02-07,U.S. President,primary,REP,Donald Trump,42,409,172
YouGov,Yahoo News,YouGov,3,-1.1,Online Panel,NA,National,2/2/23,2023-02-06,U.S. President,primary,REP,Donald Trump,38,453,172
YouGov,Yahoo News,YouGov,3,-1.1,Online Panel,NA,National,2/2/23,2023-02-06,U.S. President,primary,REP,Donald Trump,41,453,186
YouGov,Yahoo News,YouGov,3,-1.1,Online Panel,NA,National,2/2/23,2023-02-06,U.S. President,primary,REP,Donald Trump,37,453,168
YouGov,Yahoo News,YouGov,3,-1.1,Online Panel,NA,National,2/2/23,2023-02-06,U.S. President,primary,REP,Donald Trump,54,453,245
Monmouth,NA,Monmouth University Polling Institute,2.9,-0.9,Live Phone,NA,National,1/26/23,2023-02-02,U.S. President,primary,REP,Donald Trump,33,566,187
Monmouth,NA,Monmouth University Polling Institute,2.9,-0.9,Live Phone,NA,National,1/26/23,2023-02-02,U.S. President,primary,REP,Donald Trump,40,566,226
Monmouth,NA,Monmouth University Polling Institute,2.9,-0.9,Live Phone,NA,National,1/26/23,2023-02-02,U.S. President,primary,REP,Donald Trump,60,566,340
Echelon Insights,NA,Echelon Insights,2.7,-0.8,Online Panel,NA,National,1/23/23,2023-01-25,U.S. President,primary,REP,Donald Trump,36,467,168
Echelon Insights,NA,Echelon Insights,2.7,-0.8,Online Panel,NA,National,1/23/23,2023-01-25,U.S. President,primary,REP,Donald Trump,43,467,201
Emerson,NA,Emerson College,2.9,-1.1,IVR/Online Panel,NA,National,1/19/23,2023-01-21,U.S. President,primary,REP,Donald Trump,54.7,428,234
Marquette Law School,NA,Marquette University Law School,3,-1.1,Probability Panel,NA,National,1/9/23,2023-01-20,U.S. President,primary,REP,Donald Trump,38,401,152
Marquette Law School,NA,Marquette University Law School,3,-1.1,Probability Panel,NA,National,1/9/23,2023-01-20,U.S. President,primary,REP,Donald Trump,36,352,127
YouGov,Economist,YouGov,3,-1.1,Online Panel,NA,National,1/14/23,2023-01-17,U.S. President,primary,REP,Donald Trump,44,500,220
YouGov,Economist,YouGov,3,-1.1,Online Panel,NA,National,1/14/23,2023-01-17,U.S. President,primary,REP,Donald Trump,44,472,208
YouGov,Yahoo News,YouGov,3,-1.1,Online Panel,NA,National,1/12/23,2023-01-16,U.S. President,primary,REP,Donald Trump,37,450,166
YouGov,Yahoo News,YouGov,3,-1.1,Online Panel,NA,National,1/12/23,2023-01-16,U.S. President,primary,REP,Donald Trump,42,450,189
Siena,Mississippi Today,Siena College,2.7,-0.8,Live Phone/Online Panel,NA,Mississippi,1/8/23,2023-01-12,U.S. President,primary,REP,Donald Trump,46,487,224
YouGov,Economist,YouGov,3,-1.1,Online Panel,NA,National,12/17/22,2022-12-20,U.S. President,primary,REP,Donald Trump,40,390,156
YouGov,Yahoo News,YouGov,3,-1.1,Online Panel,NA,National,12/15/22,2022-12-19,U.S. President,primary,REP,Donald Trump,39,449,175
YouGov,Yahoo News,YouGov,3,-1.1,Online Panel,NA,National,12/15/22,2022-12-19,U.S. President,primary,REP,Donald Trump,43,450,194
Echelon Insights,NA,Echelon Insights,2.7,-0.8,Online Panel,NA,National,12/12/22,2022-12-14,U.S. President,primary,REP,Donald Trump,41,454,186
Echelon Insights,NA,Echelon Insights,2.7,-0.8,Online Panel,NA,National,12/12/22,2022-12-14,U.S. President,primary,REP,Donald Trump,40,418,167
Echelon Insights,NA,Echelon Insights,2.7,-0.8,Online Panel,NA,National,12/12/22,2022-12-14,U.S. President,primary,REP,Donald Trump,47,454,213
Echelon Insights,NA,Echelon Insights,2.7,-0.8,Online Panel,NA,National,12/12/22,2022-12-14,U.S. President,primary,REP,Donald Trump,48,418,201
Monmouth,NA,Monmouth University Polling Institute,2.9,-0.9,Live Phone,NA,National,12/8/22,2022-12-12,U.S. President,primary,REP,Donald Trump,26,563,146
Suffolk,USA Today,Suffolk University,2.9,-1,Live Phone,NA,National,12/7/22,2022-12-11,U.S. President,primary,REP,Donald Trump,32.89,374,123
Marist,NPR | PBS NewsHour,Marist College,2.9,-0.9,Live Phone/Online Panel/Text,NA,National,12/6/22,2022-12-08,U.S. President,primary,REP,Donald Trump,45,489,220
YouGov,Yahoo News,YouGov,3,-1.1,Online Panel,NA,National,12/1/22,2022-12-05,U.S. President,primary,REP,Donald Trump,35,521,182
YouGov,Yahoo News,YouGov,3,-1.1,Online Panel,NA,National,12/1/22,2022-12-05,U.S. President,primary,REP,Donald Trump,35,435,152
YouGov,Yahoo News,YouGov,3,-1.1,Online Panel,NA,National,12/1/22,2022-12-05,U.S. President,primary,REP,Donald Trump,42,521,219
YouGov,Yahoo News,YouGov,3,-1.1,Online Panel,NA,National,12/1/22,2022-12-05,U.S. President,primary,REP,Donald Trump,42,435,183
YouGov,Economist,YouGov,3,-1.1,Online Panel,NA,National,11/26/22,2022-11-29,U.S. President,primary,REP,Donald Trump,36,385,139
Marquette Law School,NA,Marquette University Law School,3,-1.1,Probability Panel,NA,National,11/15/22,2022-11-22,U.S. President,primary,REP,Donald Trump,42,383,161
Marquette Law School,NA,Marquette University Law School,3,-1.1,Probability Panel,NA,National,11/15/22,2022-11-22,U.S. President,primary,REP,Donald Trump,40,318,127
Ipsos,FiveThirtyEight,Ipsos,2.8,-0.9,Probability Panel,NA,National,11/9/22,2022-11-21,U.S. President,primary,REP,Donald Trump,25,591,148
Quinnipiac,NA,Quinnipiac University,2.8,-0.5,Live Phone,NA,National,11/16/22,2022-11-20,U.S. President,primary,REP,Donald Trump,44,NA,NA
Quinnipiac,NA,Quinnipiac University,2.8,-0.5,Live Phone,NA,National,11/16/22,2022-11-20,U.S. President,primary,REP,Donald Trump,43,NA,NA
Emerson,NA,Emerson College,2.9,-1.1,IVR/Online Panel,NA,National,11/18/22,2022-11-19,U.S. President,primary,REP,Donald Trump,55.1,614,338
Echelon Insights,NA,Echelon Insights,2.7,-0.8,Online Panel,NA,National,11/17/22,2022-11-19,U.S. President,primary,REP,Donald Trump,38,424,161
Echelon Insights,NA,Echelon Insights,2.7,-0.8,Online Panel,NA,National,11/17/22,2022-11-19,U.S. President,primary,REP,Donald Trump,42,424,178
Echelon Insights,NA,Echelon Insights,2.7,-0.8,Online Panel,NA,National,11/17/22,2022-11-19,U.S. President,primary,REP,Donald Trump,46,424,195
Echelon Insights,NA,Echelon Insights,2.7,-0.8,Online Panel,NA,National,11/17/22,2022-11-19,U.S. President,primary,REP,Donald Trump,52,424,220
YouGov,Economist,YouGov,3,-1.1,Online Panel,NA,National,11/13/22,2022-11-15,U.S. President,primary,REP,Donald Trump,39,432,168
